frame_number,objects,tracks
1,"['person:0.9934', 'person:0.8664', 'person:0.8633', 'person:0.5897']","[(0, 441, 263), (1, 661, 239), (2, 172, 252), (3, 599, 201)]"
1,"['person:0.9934', 'person:0.8663', 'person:0.8614', 'person:0.5897']","[(0, 441, 263), (1, 661, 239), (2, 171, 252), (3, 599, 201)]"
1,"['person:0.9934', 'person:0.8677', 'person:0.8654', 'person:0.5908']","[(0, 441, 263), (1, 661, 239), (2, 171, 251), (3, 599, 200)]"
1,"['person:0.9934', 'person:0.8703', 'person:0.8665', 'person:0.5957']","[(0, 440, 263), (1, 661, 239), (2, 171, 250), (3, 599, 201)]"
1,"['person:0.9963', 'person:0.9820', 'person:0.8384', 'person:0.5560']","[(0, 406, 262), (1, 657, 240), (2, 132, 247), (3, 597, 202)]"
1,"['person:0.9909', 'person:0.9835', 'person:0.9170', 'person:0.8354']","[(0, 392, 273), (1, 654, 256), (2, 121, 248), (3, 588, 203)]"
1,"['person:0.9948', 'person:0.9877', 'person:0.9360', 'person:0.9323', 'person:0.8940', 'person:0.6530']","[(0, 346, 273), (1, 652, 259), (2, 79, 248), (3, 587, 204), (4, 407, 146), (5, 166, 278)]"
1,"['person:0.9970', 'person:0.9812', 'person:0.9299', 'person:0.9013', 'person:0.8860', 'person:0.6960']","[(0, 309, 276), (1, 651, 261), (2, 548, 197), (3, 586, 203), (4, 382, 161), (5, 496, 262)]"
1,"['person:0.9977', 'person:0.9735', 'person:0.9709', 'person:0.9550', 'person:0.9381', 'person:0.7311', 'person:0.5274']","[(0, 252, 280), (1, 652, 260), (2, 545, 196), (3, 585, 203), (4, 361, 200), (5, 466, 284), (6, 80, 279)]"
1,"['person:0.9973', 'person:0.9760', 'person:0.9636', 'person:0.9476', 'person:0.9429', 'person:0.5479']","[(0, 252, 279), (1, 652, 260), (2, 545, 196), (3, 585, 203), (5, 467, 286), (6, 80, 279)]"
1,"['person:0.9984', 'person:0.9979', 'person:0.9831', 'person:0.9780', 'person:0.9756', 'person:0.9031', 'person:0.6888', 'person:0.6594']","[(0, 244, 286), (1, 653, 261), (2, 535, 196), (3, 585, 203), (5, 452, 283), (6, 41, 277), (7, 343, 201), (8, 57, 139)]"
1,"['person:0.9920', 'person:0.9845', 'person:0.9831', 'person:0.9829', 'person:0.9776', 'person:0.9589', 'person:0.8201', 'person:0.7845']","[(0, 202, 292), (1, 653, 262), (2, 531, 196), (3, 584, 204), (5, 447, 289), (6, 36, 295), (7, 252, 163), (8, 43, 144)]"
1,"['person:0.9920', 'person:0.9919', 'person:0.9791', 'person:0.9789', 'person:0.9663', 'person:0.7690', 'person:0.7055', 'person:0.6525', 'person:0.6017', 'person:0.5179']","[(0, 188, 295), (1, 654, 278), (2, 528, 196), (3, 584, 202), (5, 411, 292), (6, 20, 300), (7, 230, 160), (8, 37, 123), (9, 552, 196), (10, 476, 200)]"
1,"['person:0.9946', 'person:0.9899', 'person:0.9807', 'person:0.9761', 'person:0.9692', 'person:0.9188', 'person:0.8329', 'person:0.8292', 'person:0.6885', 'person:0.6616']","[(0, 140, 295), (1, 652, 279), (2, 526, 196), (3, 581, 204), (5, 408, 292), (6, 301, 284), (7, 229, 204), (8, 30, 104), (9, 552, 195), (10, 470, 220)]"
1,"['person:0.9958', 'person:0.9943', 'person:0.9810', 'person:0.9617', 'person:0.9460', 'person:0.8377', 'person:0.8371', 'person:0.7505', 'person:0.7313']","[(0, 141, 294), (1, 651, 279), (2, 525, 196), (3, 580, 204), (5, 394, 291), (6, 285, 284), (7, 221, 220), (9, 552, 195), (10, 468, 239)]"
1,"['person:0.9941', 'person:0.9745', 'person:0.9599', 'person:0.9322', 'person:0.9176', 'person:0.9108', 'person:0.7560', 'person:0.6846', 'person:0.6307']","[(0, 125, 249), (1, 650, 279), (2, 522, 198), (3, 579, 204), (5, 361, 292), (6, 422, 184), (7, 205, 202), (9, 550, 196), (10, 469, 239)]"
1,"['person:0.9919', 'person:0.9878', 'person:0.9814', 'person:0.9483', 'person:0.8962', 'person:0.8920', 'person:0.6495', 'person:0.5045']","[(1, 628, 283), (2, 520, 199), (3, 578, 205), (5, 353, 294), (6, 415, 182), (7, 260, 162), (9, 551, 197), (10, 448, 199)]"
1,"['person:0.9920', 'person:0.9892', 'person:0.9804', 'person:0.9478', 'person:0.9012', 'person:0.8901', 'person:0.6135', 'skateboard:0.5111']","[(1, 628, 283), (2, 520, 198), (3, 579, 205), (5, 352, 294), (6, 416, 182), (7, 441, 413), (9, 551, 197), (10, 451, 183)]"
1,"['person:0.9882', 'person:0.9824', 'person:0.9393']","[(1, 611, 276), (2, 522, 199), (9, 554, 200)]"
1,['person:0.8262'],"[(9, 627, 200)]"
1,['person:0.7981'],"[(9, 664, 88)]"
1,['person:0.8034'],"[(9, 664, 88)]"
1,['no object:0.0000'],"[(9, 0, 0)]"
1,['no object:0.0000'],"[(9, 0, 0)]"
1,['no object:0.0000'],"[(9, 0, 0)]"
1,['no object:0.0000'],"[(9, 0, 0)]"
1,['no object:0.0000'],"[(9, 0, 0)]"
1,['no object:0.0000'],"[(9, 0, 0)]"
1,['person:0.9726'],"[(9, 132, 296)]"
1,['person:0.9793'],"[(9, 132, 293)]"
1,['person:0.9789'],"[(9, 131, 294)]"
1,"['person:0.9917', 'person:0.7998', 'person:0.7046']","[(9, 96, 293), (11, 522, 255), (12, 301, 203)]"
1,"['person:0.9978', 'person:0.9811', 'bicycle:0.9429', 'person:0.9336', 'person:0.7467', 'person:0.5463']","[(9, 91, 295), (11, 507, 251), (12, 305, 178), (13, 277, 262), (14, 658, 186), (15, 340, 316)]"
1,"['person:0.9977', 'person:0.9810', 'bicycle:0.9488', 'person:0.9390', 'person:0.7795', 'person:0.5808']","[(9, 90, 295), (11, 508, 251), (12, 305, 178), (13, 277, 263), (14, 658, 186), (15, 340, 317)]"
1,"['person:0.9989', 'bicycle:0.9529', 'person:0.9308', 'person:0.8250']","[(9, 73, 294), (11, 464, 252), (13, 264, 273), (14, 656, 221)]"
1,"['person:0.9971', 'bicycle:0.9314', 'person:0.8439']","[(9, 75, 290), (11, 452, 246), (13, 257, 277)]"
1,"['person:0.9974', 'person:0.8799', 'backpack:0.7300', 'person:0.6853']","[(9, 77, 293), (11, 402, 251), (13, 126, 280), (16, 636, 259)]"
1,"['person:0.9979', 'person:0.9767', 'person:0.9005', 'person:0.8373']","[(9, 67, 315), (11, 356, 248), (13, 557, 252), (16, 629, 260)]"
1,"['person:0.9981', 'person:0.9744', 'person:0.9687', 'person:0.9000', 'person:0.7601']","[(9, 62, 316), (11, 294, 246), (13, 526, 246), (16, 626, 262), (17, 685, 261)]"
1,"['person:0.9984', 'person:0.9687', 'person:0.9679', 'person:0.8912', 'person:0.7498']","[(9, 62, 316), (11, 291, 247), (13, 526, 246), (16, 626, 262), (17, 685, 261)]"
1,"['person:0.9961', 'person:0.9596', 'person:0.9126', 'person:0.9116']","[(11, 238, 256), (13, 513, 257), (16, 606, 259), (17, 681, 297)]"
1,"['person:0.9954', 'person:0.9654', 'person:0.9010', 'person:0.5258']","[(11, 228, 255), (13, 498, 255), (16, 600, 294), (17, 678, 296)]"
1,"['person:0.9958', 'person:0.9628', 'person:0.9069', 'person:0.5455']","[(11, 228, 254), (13, 498, 256), (16, 600, 294), (17, 678, 296)]"
1,"['person:0.9957', 'person:0.9572', 'person:0.9046', 'person:0.5696']","[(11, 228, 254), (13, 499, 255), (16, 600, 295), (17, 677, 296)]"
1,"['person:0.9963', 'person:0.9920', 'person:0.9886', 'person:0.9348', 'person:0.6159']","[(11, 297, 276), (13, 449, 276), (16, 560, 290), (17, 660, 301), (18, 131, 250)]"
1,"['person:0.9964', 'person:0.9919', 'person:0.9899', 'person:0.9439', 'person:0.6275']","[(11, 297, 276), (13, 450, 276), (16, 560, 290), (17, 660, 300), (18, 131, 249)]"
1,"['person:0.9981', 'person:0.9951', 'person:0.9894', 'person:0.9552', 'person:0.9517', 'person:0.9224', 'person:0.5500']","[(11, 283, 274), (13, 421, 279), (16, 557, 295), (17, 656, 299), (18, 133, 248), (19, 491, 180), (20, 343, 182)]"
1,"['person:0.9982', 'person:0.9940', 'person:0.9843', 'person:0.9719', 'person:0.9474', 'person:0.7947']","[(11, 246, 262), (13, 413, 279), (16, 554, 294), (17, 654, 298), (19, 488, 198), (20, 339, 198)]"
1,"['person:0.9966', 'person:0.9956', 'person:0.9265', 'person:0.8408', 'person:0.6098']","[(11, 195, 281), (13, 405, 278), (16, 547, 295), (17, 652, 295), (20, 38, 275)]"
1,"['person:0.9961', 'person:0.9960', 'person:0.9199', 'person:0.8113', 'person:0.5738']","[(11, 193, 281), (13, 405, 278), (16, 547, 295), (17, 652, 295), (20, 38, 275)]"
1,"['person:0.9956', 'person:0.9912', 'person:0.9899', 'person:0.9573', 'person:0.9445']","[(11, 180, 283), (13, 395, 281), (16, 527, 298), (17, 635, 282), (20, 45, 336)]"
1,"['person:0.9943', 'person:0.9902', 'person:0.9883', 'person:0.9121', 'person:0.8302', 'backpack:0.5986']","[(11, 177, 280), (13, 359, 276), (16, 523, 297), (17, 630, 288), (20, 33, 333), (21, 288, 394)]"
1,"['person:0.9954', 'person:0.9900', 'person:0.9674', 'person:0.9603', 'backpack:0.7774', 'person:0.6764', 'person:0.5348']","[(11, 133, 287), (13, 345, 277), (16, 504, 293), (17, 617, 284), (20, 22, 315), (21, 236, 400), (22, 551, 198)]"
1,"['person:0.9955', 'person:0.9889', 'person:0.9620', 'person:0.9619', 'backpack:0.7459', 'person:0.6993', 'person:0.5339']","[(11, 131, 288), (13, 345, 277), (16, 505, 293), (17, 617, 283), (20, 22, 315), (21, 237, 401), (22, 551, 198)]"
1,"['person:0.9897', 'person:0.9847', 'person:0.9775', 'person:0.9417', 'backpack:0.7963']","[(11, 123, 288), (13, 344, 278), (16, 495, 292), (17, 614, 286), (21, 225, 410)]"
1,"['person:0.9981', 'person:0.9921', 'person:0.8317', 'person:0.8014', 'person:0.5355', 'backpack:0.5330']","[(11, 124, 288), (13, 338, 282), (16, 491, 292), (17, 603, 276), (21, 200, 413), (23, 547, 198)]"
1,"['person:0.9902', 'person:0.9872', 'person:0.9542', 'person:0.9438', 'person:0.9042', 'person:0.8545']","[(11, 75, 278), (13, 296, 256), (16, 466, 289), (17, 611, 250), (21, 574, 241), (23, 530, 204)]"
1,"['person:0.9895', 'person:0.9874', 'person:0.9563', 'person:0.9528', 'person:0.8829', 'person:0.8615']","[(11, 72, 279), (13, 298, 256), (16, 466, 289), (17, 611, 249), (21, 575, 241), (23, 530, 203)]"
1,"['person:0.9942', 'person:0.9873', 'person:0.9299', 'person:0.9268', 'person:0.9197', 'person:0.7439']","[(11, 46, 276), (13, 252, 259), (16, 461, 294), (17, 603, 252), (21, 409, 204), (23, 527, 204)]"
1,"['person:0.9943', 'person:0.9890', 'person:0.9745', 'person:0.9388', 'person:0.8862', 'person:0.7100']","[(11, 74, 289), (13, 241, 258), (16, 449, 294), (17, 582, 255), (21, 407, 203), (23, 521, 204)]"
1,"['person:0.9975', 'person:0.9907', 'person:0.8419', 'person:0.8196', 'person:0.7902', 'person:0.6323']","[(11, 65, 293), (13, 239, 277), (16, 440, 293), (17, 580, 248), (21, 406, 203), (23, 519, 219)]"
1,"['person:0.9865', 'person:0.9714', 'person:0.9025', 'person:0.8224']","[(11, 60, 291), (16, 422, 285), (17, 559, 249), (23, 291, 253)]"
1,"['person:0.9971', 'person:0.9912', 'person:0.9696', 'person:0.9366', 'person:0.6058', 'person:0.5078']","[(11, 43, 236), (16, 421, 261), (17, 514, 255), (23, 289, 256), (24, 595, 101), (25, 355, 204)]"
1,"['person:0.9926', 'person:0.9660', 'person:0.9063', 'person:0.8966', 'person:0.7967', 'person:0.5756']","[(11, 45, 260), (16, 463, 258), (17, 625, 243), (23, 286, 260), (24, 192, 277), (25, 356, 203)]"
1,"['person:0.9963', 'person:0.9906', 'person:0.9477', 'person:0.9332', 'person:0.7941', 'person:0.6599']","[(11, 44, 277), (16, 453, 258), (17, 611, 253), (23, 253, 274), (24, 148, 279), (25, 355, 203)]"
1,"['person:0.9967', 'person:0.9836', 'person:0.9824', 'person:0.9773', 'person:0.9575', 'person:0.5927', 'person:0.5795', 'person:0.5392']","[(11, 44, 279), (16, 440, 256), (17, 579, 258), (23, 243, 278), (24, 138, 279), (25, 342, 201), (26, 502, 128), (27, 327, 178)]"
1,"['person:0.9931', 'person:0.9916', 'person:0.9777', 'person:0.9751', 'person:0.9749', 'person:0.5410']","[(11, 42, 275), (17, 580, 257), (23, 236, 282), (24, 132, 277), (25, 341, 202), (27, 405, 258)]"
1,"['person:0.9873', 'person:0.9536', 'person:0.8816', 'person:0.8597', 'person:0.8061']","[(11, 44, 277), (17, 557, 250), (23, 234, 278), (24, 133, 279), (27, 388, 252)]"
1,"['person:0.9983', 'person:0.9330', 'person:0.8384']","[(11, 79, 261), (23, 457, 246), (24, 180, 278)]"
1,"['person:0.9984', 'person:0.9329', 'person:0.8578']","[(11, 81, 261), (23, 457, 246), (24, 180, 278)]"
1,"['person:0.9978', 'person:0.9659', 'person:0.9029', 'backpack:0.5627']","[(11, 74, 257), (23, 445, 245), (24, 151, 261), (28, 233, 259)]"
1,"['person:0.9984', 'person:0.9709', 'person:0.9227']","[(11, 70, 256), (23, 394, 244), (28, 223, 255)]"
1,"['person:0.9990', 'person:0.9870', 'person:0.9550', 'person:0.7247', 'person:0.6663', 'person:0.6139']","[(11, 45, 261), (23, 350, 246), (28, 202, 257), (29, 126, 248), (30, 76, 122), (31, 183, 126)]"
1,"['person:0.9990', 'person:0.9598', 'person:0.9250', 'person:0.7638']","[(11, 40, 259), (23, 300, 243), (28, 496, 243), (29, 114, 248)]"
1,"['person:0.9993', 'person:0.9489', 'person:0.8500', 'person:0.6512']","[(11, 75, 251), (23, 287, 248), (28, 489, 258), (29, 550, 204)]"
1,"['person:0.9992', 'person:0.9872', 'person:0.9727', 'bicycle:0.6758', 'person:0.5095']","[(11, 195, 246), (23, 338, 241), (28, 519, 274), (29, 549, 201), (32, 445, 261)]"
1,"['person:0.9993', 'person:0.9858', 'person:0.9775', 'bicycle:0.6935']","[(11, 195, 246), (28, 519, 274), (29, 549, 201), (32, 445, 260)]"
1,"['person:0.9925', 'person:0.9845', 'person:0.9684', 'person:0.9598', 'bicycle:0.6706']","[(11, 172, 247), (28, 519, 262), (29, 548, 199), (32, 439, 257), (33, 307, 278)]"
1,"['person:0.9925', 'person:0.9918', 'person:0.9903', 'person:0.9458', 'bicycle:0.6315']","[(11, 170, 250), (28, 515, 262), (29, 547, 203), (32, 416, 280), (33, 299, 280)]"
1,"['person:0.9896', 'person:0.9840', 'person:0.9781', 'person:0.9744', 'bicycle:0.8089']","[(11, 132, 248), (28, 520, 262), (29, 546, 200), (32, 399, 275), (33, 285, 279)]"
1,"['person:0.9889', 'person:0.9849', 'person:0.9776', 'person:0.9707', 'bicycle:0.9354', 'person:0.5047']","[(11, 127, 252), (28, 524, 260), (29, 547, 202), (32, 388, 260), (33, 275, 281), (34, 311, 202)]"
1,"['person:0.9877', 'person:0.9819', 'person:0.9763', 'bicycle:0.9718', 'backpack:0.7429', 'person:0.5482', 'person:0.5296']","[(11, 122, 256), (28, 526, 257), (29, 545, 188), (32, 384, 258), (33, 264, 280), (34, 204, 217), (35, 119, 127)]"
1,"['person:0.9888', 'person:0.9864', 'person:0.9852', 'bicycle:0.9843', 'person:0.9632', 'person:0.8823', 'person:0.7382', 'backpack:0.7037', 'backpack:0.6463']","[(11, 148, 236), (28, 533, 260), (29, 491, 219), (32, 351, 277), (33, 248, 290), (34, 201, 217), (35, 101, 124), (36, 86, 257), (37, 683, 238)]"
1,"['person:0.9849', 'person:0.9831', 'person:0.9797', 'bicycle:0.9774', 'person:0.9532', 'person:0.8718', 'person:0.8415', 'person:0.7652', 'person:0.5552']","[(11, 283, 181), (28, 530, 260), (29, 545, 200), (32, 346, 276), (33, 248, 291), (34, 197, 237), (35, 426, 179), (36, 71, 280), (37, 680, 235)]"
1,"['person:0.9937', 'person:0.9788', 'person:0.9697', 'person:0.9657', 'person:0.9649', 'person:0.9550', 'person:0.9460', 'person:0.6980', 'person:0.5941']","[(11, 117, 275), (28, 507, 217), (29, 545, 203), (32, 332, 278), (33, 227, 281), (34, 185, 222), (35, 418, 182), (36, 41, 279), (37, 676, 232)]"
1,"['person:0.9933', 'person:0.9712', 'person:0.9658', 'person:0.9650', 'person:0.9633', 'person:0.9540', 'person:0.9424', 'person:0.6890', 'person:0.6669', 'person:0.5183']","[(11, 116, 276), (28, 507, 217), (29, 545, 203), (32, 333, 278), (33, 227, 281), (34, 185, 222), (35, 418, 182), (36, 41, 279), (37, 676, 232), (38, 464, 219)]"
1,"['person:0.9963', 'person:0.9852', 'person:0.9486', 'person:0.9306', 'person:0.9176', 'person:0.9127', 'person:0.8611', 'person:0.5115']","[(11, 84, 282), (28, 519, 217), (29, 302, 256), (33, 220, 280), (34, 179, 202), (35, 415, 182), (37, 678, 224), (38, 463, 220)]"
1,"['person:0.9917', 'person:0.9843', 'bicycle:0.9788', 'person:0.9639', 'person:0.8900', 'person:0.8868', 'person:0.8529', 'person:0.5731']","[(11, 58, 259), (28, 532, 259), (29, 289, 276), (33, 204, 275), (34, 122, 256), (35, 412, 180), (37, 677, 223), (38, 463, 221)]"
1,"['person:0.9990', 'person:0.9889', 'bicycle:0.9770', 'person:0.9730', 'person:0.9455', 'person:0.8857', 'person:0.8463', 'person:0.7707']","[(11, 41, 276), (28, 531, 256), (29, 277, 274), (33, 179, 261), (34, 118, 258), (35, 409, 182), (37, 676, 221), (38, 468, 222)]"
1,"['person:0.9990', 'person:0.9869', 'bicycle:0.9785', 'person:0.9740', 'person:0.9423', 'person:0.8823', 'person:0.8691', 'person:0.7834']","[(11, 41, 276), (28, 531, 256), (29, 277, 275), (33, 179, 261), (34, 118, 258), (35, 409, 182), (37, 676, 221), (38, 468, 222)]"
1,"['person:0.9961', 'person:0.9791', 'person:0.9697', 'person:0.9648', 'person:0.9631', 'person:0.9322', 'person:0.7369']","[(11, 44, 276), (28, 526, 203), (33, 168, 276), (34, 117, 262), (35, 397, 198), (37, 677, 219), (38, 468, 220)]"
1,"['bicycle:0.9905', 'person:0.9759', 'person:0.9741', 'person:0.9643', 'person:0.9580', 'person:0.9105', 'person:0.8025', 'person:0.5650']","[(11, 43, 275), (28, 544, 256), (33, 149, 274), (34, 238, 273), (35, 398, 200), (37, 678, 296), (38, 467, 220), (39, 333, 281)]"
1,"['bicycle:0.9942', 'person:0.9829', 'person:0.9817', 'person:0.9675', 'person:0.9611', 'person:0.9023', 'person:0.8963', 'person:0.8360']","[(11, 39, 277), (28, 544, 255), (33, 130, 276), (34, 230, 277), (35, 398, 203), (37, 666, 214), (38, 467, 220), (39, 334, 281)]"
1,"['bicycle:0.9961', 'person:0.9923', 'person:0.9727', 'person:0.9597', 'person:0.9549', 'person:0.9075', 'person:0.8564', 'person:0.7005', 'person:0.6047']","[(11, 35, 281), (28, 547, 256), (33, 127, 259), (34, 223, 254), (35, 396, 201), (37, 663, 214), (38, 467, 220), (39, 331, 282), (40, 290, 179)]"
1,"['bicycle:0.9953', 'person:0.9941', 'person:0.9752', 'person:0.9505', 'person:0.9485', 'person:0.9433', 'person:0.9120', 'person:0.8586', 'person:0.5786']","[(11, 33, 279), (28, 550, 255), (33, 122, 261), (34, 660, 298), (35, 394, 203), (37, 659, 214), (38, 466, 220), (39, 331, 294), (40, 282, 195)]"
1,"['bicycle:0.9966', 'person:0.9942', 'person:0.9705', 'person:0.9473', 'person:0.9393', 'person:0.8660', 'person:0.8079', 'person:0.7508', 'person:0.7094', 'person:0.6996']","[(11, 23, 281), (28, 552, 255), (33, 178, 277), (34, 657, 299), (35, 393, 203), (37, 653, 215), (38, 466, 220), (39, 331, 294), (40, 278, 196), (41, 439, 203)]"
1,"['bicycle:0.9963', 'person:0.9952', 'person:0.9763', 'person:0.9726', 'person:0.9372', 'person:0.9077', 'person:0.8433', 'person:0.7133', 'person:0.6551', 'person:0.5709', 'person:0.5241', 'person:0.5100']","[(11, 21, 295), (28, 548, 256), (33, 176, 257), (34, 653, 299), (35, 392, 201), (37, 650, 202), (38, 466, 181), (39, 332, 293), (40, 276, 198), (41, 439, 203), (42, 100, 238), (43, 256, 184)]"
1,"['person:0.9956', 'bicycle:0.9955', 'person:0.9662', 'person:0.9608', 'person:0.9133', 'person:0.8096', 'person:0.8059', 'person:0.7264', 'person:0.5784']","[(11, 18, 297), (28, 553, 255), (34, 638, 292), (35, 391, 200), (38, 466, 180), (39, 332, 293), (40, 274, 202), (41, 142, 277), (43, 253, 185)]"
1,"['person:0.9960', 'bicycle:0.9956', 'person:0.9699', 'person:0.9610', 'person:0.9270', 'person:0.8192', 'person:0.8092', 'person:0.7021', 'person:0.5316']","[(11, 18, 297), (28, 552, 255), (34, 637, 292), (35, 391, 199), (38, 466, 180), (39, 332, 283), (40, 275, 202), (41, 141, 276), (43, 253, 185)]"
1,"['person:0.9983', 'person:0.9957', 'bicycle:0.9957', 'person:0.9934', 'person:0.9218', 'person:0.8792', 'person:0.8446', 'person:0.8378']","[(28, 551, 255), (34, 621, 284), (35, 389, 199), (38, 14, 217), (39, 331, 295), (40, 273, 214), (41, 135, 279), (43, 253, 206)]"
1,"['person:0.9981', 'person:0.9966', 'bicycle:0.9962', 'person:0.9930', 'person:0.9803', 'person:0.8998', 'person:0.8871', 'person:0.5413', 'person:0.5217']","[(28, 553, 254), (34, 631, 283), (35, 387, 198), (38, 16, 214), (39, 331, 293), (40, 424, 183), (41, 124, 277), (43, 257, 214), (44, 464, 220)]"
1,"['person:0.9976', 'bicycle:0.9941', 'person:0.9912', 'person:0.9887', 'person:0.9757', 'person:0.9549', 'person:0.9341', 'person:0.6942', 'book:0.6357', 'person:0.5742', 'person:0.5363']","[(28, 551, 255), (34, 631, 280), (35, 383, 197), (38, 16, 206), (39, 331, 294), (40, 424, 200), (41, 117, 273), (43, 262, 214), (44, 463, 221), (45, 626, 382), (46, 535, 179)]"
1,"['bicycle:0.9948', 'person:0.9928', 'person:0.9892', 'person:0.9811', 'person:0.9765', 'person:0.9444', 'person:0.9413', 'person:0.9046', 'person:0.8884', 'person:0.7465', 'person:0.6531', 'person:0.5578']","[(28, 544, 253), (34, 619, 286), (35, 385, 195), (38, 14, 197), (39, 330, 294), (40, 421, 199), (41, 118, 261), (43, 262, 214), (44, 462, 220), (45, 572, 186), (46, 539, 182), (47, 205, 183)]"
1,"['person:0.9962', 'person:0.9961', 'person:0.9880', 'bicycle:0.9790', 'person:0.9701', 'person:0.9700', 'person:0.9697', 'person:0.9451', 'person:0.8227', 'person:0.8178', 'person:0.8115', 'cell phone:0.7088']","[(28, 542, 254), (34, 611, 280), (35, 384, 196), (38, 593, 388), (39, 331, 293), (40, 420, 201), (41, 99, 261), (43, 263, 214), (44, 463, 220), (45, 574, 162), (46, 538, 180), (47, 201, 200)]"
1,"['person:0.9948', 'person:0.9853', 'person:0.9828', 'person:0.9721', 'person:0.9671', 'person:0.9597', 'person:0.9498', 'bicycle:0.9470', 'person:0.9452', 'person:0.9085']","[(28, 530, 261), (34, 604, 288), (35, 381, 198), (39, 332, 295), (40, 419, 197), (41, 92, 261), (43, 261, 215), (44, 463, 220), (45, 203, 256), (46, 541, 179)]"
1,"['person:0.9941', 'person:0.9853', 'person:0.9832', 'person:0.9724', 'person:0.9631', 'person:0.9604', 'person:0.9484', 'person:0.9469', 'bicycle:0.9441', 'person:0.9081']","[(28, 530, 262), (34, 604, 288), (35, 381, 198), (39, 332, 294), (40, 418, 198), (41, 92, 261), (43, 260, 215), (44, 463, 219), (45, 203, 256), (46, 542, 179)]"
1,"['person:0.9975', 'person:0.9790', 'person:0.9670', 'person:0.9610', 'person:0.9272', 'person:0.9105', 'person:0.8930', 'person:0.8475', 'person:0.7068', 'bicycle:0.6269', 'handbag:0.5635']","[(28, 527, 259), (34, 603, 290), (35, 381, 199), (39, 332, 294), (40, 416, 199), (41, 82, 259), (43, 263, 215), (44, 462, 218), (45, 203, 275), (46, 539, 177), (48, 152, 258)]"
1,"['person:0.9709', 'person:0.9645', 'person:0.9536', 'person:0.9266', 'person:0.7898', 'person:0.7646', 'person:0.5803', 'person:0.5398', 'cell phone:0.5380']","[(28, 514, 418), (34, 576, 293), (35, 381, 199), (39, 331, 281), (40, 414, 198), (41, 82, 258), (43, 261, 205), (44, 460, 217), (45, 222, 275)]"
1,"['person:0.9889', 'person:0.9795', 'person:0.9788', 'person:0.9418', 'person:0.8442', 'person:0.8297', 'person:0.7820']","[(34, 569, 295), (35, 373, 198), (39, 332, 281), (40, 413, 198), (41, 88, 257), (44, 679, 202), (45, 222, 261)]"
1,"['person:0.9942', 'person:0.9892', 'person:0.9807', 'person:0.8698', 'person:0.8594', 'person:0.8369', 'person:0.8151', 'person:0.6930', 'cell phone:0.5472', 'bicycle:0.5079']","[(34, 559, 295), (35, 374, 197), (39, 333, 280), (40, 411, 199), (41, 91, 280), (44, 679, 204), (45, 229, 259), (49, 452, 204), (50, 465, 434), (51, 658, 259)]"
1,"['person:0.9893', 'person:0.9780', 'person:0.9769', 'person:0.9431', 'person:0.8101', 'person:0.7846', 'person:0.7635', 'handbag:0.6646', 'bicycle:0.6238', 'cell phone:0.5975', 'person:0.5387']","[(34, 527, 297), (35, 373, 197), (39, 333, 280), (40, 410, 199), (41, 83, 278), (44, 680, 202), (45, 236, 274), (49, 452, 205), (50, 440, 437), (51, 637, 258), (52, 210, 237)]"
1,"['person:0.9878', 'person:0.9661', 'person:0.9623', 'person:0.9076', 'handbag:0.8143', 'person:0.7819', 'person:0.7317']","[(34, 497, 290), (35, 372, 197), (39, 331, 296), (40, 405, 199), (45, 613, 200), (49, 447, 198), (52, 223, 238)]"
1,"['person:0.9876', 'person:0.9666', 'person:0.9625', 'person:0.9155', 'handbag:0.8162', 'person:0.7825', 'person:0.7350']","[(34, 498, 290), (35, 371, 197), (39, 330, 295), (40, 405, 200), (45, 613, 200), (49, 447, 198), (52, 223, 239)]"
1,"['person:0.9849', 'person:0.9772', 'person:0.9651', 'person:0.9031', 'person:0.9027', 'person:0.7634', 'person:0.7394', 'person:0.5385', 'person:0.5349', 'person:0.5057']","[(34, 461, 292), (35, 370, 196), (39, 333, 281), (40, 399, 203), (45, 552, 200), (49, 440, 198), (52, 226, 182), (53, 279, 278), (54, 46, 164), (55, 37, 259)]"
1,"['person:0.9826', 'person:0.9775', 'person:0.9593', 'person:0.9463', 'person:0.9406', 'person:0.9100', 'person:0.7371', 'backpack:0.6102', 'person:0.5815']","[(34, 448, 285), (35, 368, 195), (39, 335, 278), (40, 400, 203), (45, 90, 197), (49, 525, 165), (52, 228, 184), (53, 279, 277), (55, 66, 221)]"
1,"['person:0.9909', 'person:0.9672', 'person:0.9139', 'person:0.9082', 'person:0.8768', 'person:0.8620', 'person:0.7269', 'cell phone:0.6525', 'handbag:0.5912']","[(34, 343, 457), (35, 365, 197), (39, 339, 277), (40, 518, 253), (45, 87, 196), (49, 517, 180), (52, 226, 185), (53, 278, 279), (55, 40, 298)]"
1,"['person:0.9956', 'person:0.9613', 'person:0.9336', 'person:0.9311', 'person:0.8335', 'handbag:0.7616', 'person:0.7335', 'cell phone:0.6656', 'person:0.5046']","[(34, 329, 464), (35, 364, 184), (39, 342, 277), (40, 521, 250), (45, 257, 259), (49, 493, 161), (52, 226, 204), (53, 278, 281), (55, 42, 317)]"
1,"['person:0.9910', 'person:0.9868', 'person:0.9642', 'person:0.8129', 'handbag:0.5411']","[(40, 504, 250), (45, 67, 185), (52, 229, 213), (53, 284, 279), (55, 38, 316)]"
1,"['person:0.9893', 'person:0.9884', 'bicycle:0.7367', 'handbag:0.5544']","[(40, 453, 252), (45, 59, 179), (52, 230, 213), (53, 669, 254)]"
1,"['person:0.9921', 'person:0.9880', 'bicycle:0.7419', 'person:0.5734']","[(40, 453, 251), (45, 59, 168), (52, 229, 213), (53, 669, 253)]"
1,"['person:0.9941', 'person:0.9939', 'bicycle:0.9936', 'person:0.5540', 'person:0.5042']","[(40, 447, 252), (45, 62, 179), (52, 226, 213), (53, 653, 246), (56, 13, 181)]"
1,"['person:0.9995', 'bicycle:0.9877', 'person:0.9858', 'person:0.8654', 'person:0.8304']","[(40, 413, 254), (45, 580, 219), (52, 222, 208), (53, 651, 254), (56, 13, 183)]"
1,"['person:0.9995', 'person:0.9869', 'person:0.9841', 'person:0.9830', 'person:0.6698', 'person:0.5624', 'person:0.5059']","[(40, 401, 255), (45, 578, 215), (52, 208, 205), (53, 655, 201), (56, 11, 201), (57, 69, 178), (58, 542, 186)]"
1,"['person:0.9983', 'person:0.9876', 'person:0.9827', 'person:0.8956', 'person:0.8260', 'person:0.5869', 'person:0.5530']","[(40, 342, 252), (45, 574, 214), (52, 685, 203), (53, 655, 200), (56, 20, 220), (57, 71, 179), (58, 540, 187)]"
1,"['person:0.9970', 'person:0.9889', 'person:0.9830', 'person:0.8877', 'person:0.8293', 'person:0.5186', 'backpack:0.5105']","[(40, 300, 253), (45, 570, 215), (52, 588, 193), (53, 656, 199), (56, 21, 219), (57, 73, 181), (58, 535, 186)]"
1,"['person:0.9986', 'person:0.9862', 'person:0.9774', 'person:0.9625', 'person:0.8023', 'handbag:0.6707']","[(45, 559, 213), (52, 579, 188), (53, 658, 197), (56, 22, 222), (57, 77, 184), (58, 249, 251)]"
1,"['person:0.9999', 'person:0.9956', 'person:0.9905', 'person:0.9846', 'person:0.9759', 'person:0.7656', 'person:0.6369', 'backpack:0.5103']","[(45, 558, 214), (52, 584, 189), (53, 658, 198), (56, 23, 225), (57, 76, 165), (58, 234, 252), (59, 382, 219), (60, 426, 182)]"
1,"['person:0.9998', 'person:0.9982', 'person:0.9962', 'person:0.9916', 'backpack:0.5835', 'person:0.5091']","[(45, 556, 214), (52, 581, 190), (53, 658, 197), (58, 185, 248), (59, 356, 252), (60, 426, 184)]"
1,"['bicycle:0.9892', 'person:0.9873', 'person:0.9867', 'person:0.9714', 'backpack:0.7994', 'person:0.5232']","[(45, 552, 215), (52, 575, 190), (53, 655, 255), (58, 181, 246), (59, 334, 250), (60, 408, 257)]"
1,"['person:0.9967', 'bicycle:0.9919', 'person:0.9660', 'person:0.9502', 'backpack:0.7694', 'person:0.6857']","[(45, 550, 214), (52, 573, 194), (53, 655, 254), (58, 141, 246), (59, 317, 249), (60, 407, 255)]"
1,"['person:0.9972', 'person:0.9882', 'bicycle:0.9869', 'person:0.9589', 'person:0.9508', 'person:0.8455', 'backpack:0.7842']","[(45, 547, 206), (52, 570, 195), (53, 657, 252), (58, 132, 251), (59, 310, 259), (60, 411, 256), (61, 217, 214)]"
1,"['person:0.9972', 'person:0.9965', 'person:0.9910', 'person:0.9817', 'person:0.9715', 'person:0.8826', 'person:0.8369', 'backpack:0.7051', 'person:0.6138']","[(45, 546, 214), (52, 568, 196), (53, 635, 203), (58, 122, 251), (59, 297, 259), (60, 411, 260), (61, 208, 207), (62, 345, 165), (63, 680, 198)]"
1,"['person:0.9942', 'person:0.9918', 'person:0.9846', 'person:0.9795', 'person:0.9578', 'bicycle:0.9545', 'person:0.9303', 'person:0.9119', 'person:0.8287', 'handbag:0.7492', 'person:0.7061', 'handbag:0.5478']","[(45, 542, 208), (52, 559, 195), (53, 631, 202), (58, 82, 247), (59, 278, 276), (60, 413, 276), (61, 201, 205), (62, 338, 168), (63, 664, 259), (64, 110, 207), (65, 421, 275), (66, 381, 198)]"
1,"['person:0.9931', 'person:0.9916', 'person:0.9860', 'person:0.9853', 'bicycle:0.9596', 'person:0.9471', 'person:0.9279', 'person:0.9212', 'person:0.8687', 'handbag:0.7670', 'person:0.6422', 'handbag:0.5500']","[(45, 543, 208), (52, 559, 195), (53, 632, 201), (58, 80, 247), (59, 277, 276), (60, 413, 275), (61, 200, 206), (62, 338, 168), (63, 664, 259), (64, 110, 207), (65, 420, 275), (66, 381, 198)]"
1,"['person:0.9947', 'person:0.9913', 'person:0.9802', 'person:0.9773', 'person:0.9763', 'person:0.9729', 'person:0.9726', 'person:0.9366', 'person:0.8874', 'bicycle:0.8070', 'person:0.5647', 'backpack:0.5050']","[(45, 542, 212), (52, 556, 195), (53, 632, 203), (58, 70, 254), (59, 257, 260), (60, 337, 280), (61, 198, 205), (62, 333, 167), (63, 664, 260), (64, 110, 207), (65, 435, 272), (66, 381, 199)]"
1,"['person:0.9968', 'person:0.9960', 'person:0.9935', 'person:0.9833', 'person:0.9397', 'person:0.9264', 'person:0.8952', 'person:0.6518', 'person:0.6224', 'person:0.6126', 'backpack:0.5673', 'person:0.5534', 'bicycle:0.5272']","[(45, 535, 208), (52, 554, 194), (53, 629, 203), (58, 38, 161), (59, 232, 258), (60, 332, 277), (61, 196, 180), (62, 329, 177), (63, 663, 262), (64, 110, 208), (65, 440, 263), (66, 378, 203), (67, 409, 183)]"
1,"['person:0.9982', 'person:0.9976', 'person:0.9955', 'person:0.9859', 'person:0.9682', 'person:0.8793', 'person:0.8403', 'person:0.7052', 'person:0.7042', 'handbag:0.6171', 'suitcase:0.5916']","[(45, 533, 207), (52, 548, 195), (53, 625, 205), (59, 220, 254), (60, 332, 295), (62, 324, 183), (63, 412, 334), (64, 112, 208), (65, 446, 263), (66, 373, 206), (67, 411, 198)]"
1,"['person:0.9994', 'person:0.9934', 'person:0.9875', 'suitcase:0.9566', 'person:0.9527', 'person:0.9477', 'person:0.9250', 'person:0.8978', 'person:0.8698', 'person:0.8512', 'person:0.8401', 'handbag:0.5840', 'person:0.5804']","[(45, 530, 213), (52, 547, 195), (53, 622, 203), (59, 204, 248), (60, 329, 278), (62, 329, 178), (63, 415, 333), (64, 116, 206), (65, 460, 258), (66, 372, 202), (67, 412, 197), (68, 656, 295), (69, 43, 204)]"
1,"['person:0.9945', 'person:0.9874', 'person:0.9743', 'person:0.9578', 'person:0.9330', 'person:0.9319', 'person:0.8947', 'person:0.8455', 'handbag:0.7632', 'person:0.7414', 'person:0.6965', 'person:0.6630', 'suitcase:0.5932', 'suitcase:0.5591']","[(45, 522, 213), (52, 546, 195), (53, 614, 200), (59, 178, 248), (60, 329, 277), (62, 311, 184), (63, 415, 332), (64, 117, 183), (65, 469, 255), (66, 371, 202), (67, 411, 196), (68, 654, 279), (69, 146, 454), (70, 584, 223)]"
1,"['person:0.9944', 'person:0.9875', 'person:0.9796', 'person:0.9640', 'person:0.9324', 'person:0.9274', 'person:0.9036', 'person:0.8771', 'handbag:0.7622', 'person:0.7542', 'person:0.7255', 'person:0.7013', 'suitcase:0.5547', 'suitcase:0.5476']","[(45, 522, 214), (52, 545, 195), (53, 614, 201), (59, 178, 247), (60, 329, 276), (62, 310, 184), (63, 416, 332), (64, 118, 183), (65, 470, 255), (66, 371, 201), (67, 411, 195), (68, 654, 278), (69, 145, 455), (70, 584, 223)]"
1,"['person:0.9794', 'person:0.9760', 'person:0.9742', 'person:0.9672', 'person:0.9411', 'person:0.9393', 'person:0.8607', 'person:0.8349', 'person:0.8055', 'person:0.7128', 'suitcase:0.6456', 'suitcase:0.6276', 'handbag:0.6199', 'handbag:0.6142']","[(45, 489, 256), (52, 545, 195), (53, 612, 201), (59, 169, 242), (60, 328, 276), (62, 317, 177), (63, 417, 331), (64, 118, 180), (65, 471, 258), (66, 369, 201), (67, 411, 195), (68, 654, 279), (69, 130, 456), (70, 585, 224)]"
1,"['person:0.9986', 'person:0.9909', 'person:0.9726', 'person:0.9589', 'person:0.9574', 'person:0.9149', 'person:0.9050', 'person:0.9035', 'person:0.8683', 'person:0.6707', 'handbag:0.6502', 'handbag:0.5864']","[(45, 490, 256), (52, 543, 194), (53, 611, 202), (59, 151, 242), (60, 328, 277), (62, 316, 177), (65, 58, 204), (66, 368, 201), (67, 409, 199), (68, 655, 280), (69, 115, 454), (70, 587, 225)]"
1,"['person:0.9976', 'person:0.9693', 'person:0.9667', 'person:0.9618', 'person:0.9524', 'person:0.9503', 'person:0.9325', 'person:0.8693', 'suitcase:0.8451', 'person:0.7866', 'person:0.7299', 'person:0.7255']","[(45, 502, 251), (52, 544, 187), (53, 609, 199), (59, 139, 246), (60, 328, 279), (62, 311, 169), (65, 60, 216), (66, 368, 202), (67, 409, 199), (68, 654, 279), (69, 102, 452), (70, 203, 216)]"
1,"['person:0.9963', 'person:0.9953', 'person:0.9778', 'person:0.9735', 'person:0.9611', 'person:0.9398', 'person:0.9123', 'person:0.8261', 'person:0.7670']","[(45, 523, 260), (59, 114, 259), (60, 328, 280), (62, 307, 166), (65, 59, 204), (66, 367, 201), (67, 408, 201), (68, 639, 274), (70, 191, 206)]"
1,"['person:0.9965', 'person:0.9953', 'person:0.9774', 'person:0.9750', 'person:0.9617', 'person:0.9366', 'person:0.9064', 'person:0.8504', 'person:0.7701']","[(45, 523, 260), (59, 114, 260), (60, 327, 280), (62, 306, 166), (65, 58, 204), (66, 367, 202), (67, 408, 201), (68, 638, 274), (70, 191, 206)]"
1,"['person:0.9982', 'person:0.9960', 'person:0.9908', 'person:0.9814', 'person:0.9771', 'person:0.9326', 'person:0.9041', 'person:0.6748']","[(45, 525, 260), (59, 94, 256), (60, 327, 281), (62, 306, 166), (66, 366, 202), (67, 408, 204), (68, 635, 272), (70, 185, 207)]"
1,"['person:0.9959', 'person:0.9938', 'person:0.9895', 'person:0.9816', 'person:0.9676', 'person:0.9272', 'person:0.9191', 'person:0.7363', 'person:0.5693']","[(45, 522, 261), (59, 89, 262), (60, 327, 280), (62, 305, 165), (66, 365, 202), (67, 409, 203), (68, 632, 274), (70, 182, 208), (71, 151, 216)]"
1,"['person:0.9923', 'person:0.9889', 'person:0.9871', 'person:0.9797', 'person:0.9446', 'person:0.9052', 'person:0.8879', 'person:0.8674', 'person:0.8421', 'person:0.6091']","[(45, 525, 273), (59, 92, 272), (60, 328, 279), (62, 304, 164), (66, 365, 202), (67, 398, 205), (68, 626, 276), (70, 184, 208), (71, 147, 214), (72, 491, 200)]"
1,"['person:0.9822', 'person:0.9811', 'person:0.9784', 'person:0.9780', 'person:0.9757', 'person:0.9441', 'person:0.9236', 'person:0.8948', 'person:0.7738', 'person:0.7431']","[(45, 527, 275), (59, 92, 272), (60, 328, 277), (62, 303, 163), (66, 364, 203), (67, 397, 206), (68, 620, 258), (70, 183, 213), (71, 147, 208), (72, 493, 200)]"
1,"['person:0.9819', 'person:0.9811', 'person:0.9780', 'person:0.9762', 'person:0.9761', 'person:0.9476', 'person:0.9379', 'person:0.9102', 'person:0.8163', 'person:0.7055']","[(45, 527, 274), (59, 91, 272), (60, 328, 277), (62, 303, 163), (66, 364, 202), (67, 398, 206), (68, 619, 259), (70, 183, 213), (71, 147, 208), (72, 492, 200)]"
1,"['person:0.9988', 'person:0.9949', 'person:0.9874', 'person:0.9807', 'person:0.9423', 'person:0.9041', 'person:0.9001', 'person:0.8962', 'person:0.8317', 'person:0.7417', 'person:0.5827', 'handbag:0.5170']","[(45, 555, 258), (59, 75, 275), (60, 328, 277), (62, 301, 165), (66, 362, 203), (67, 396, 207), (68, 650, 203), (70, 182, 213), (71, 148, 204), (72, 492, 203), (73, 95, 215), (74, 652, 335)]"
1,"['person:0.9965', 'person:0.9895', 'person:0.9860', 'person:0.9796', 'person:0.9775', 'person:0.9394', 'person:0.8861', 'person:0.8311', 'person:0.7767', 'person:0.5910']","[(45, 551, 274), (60, 328, 277), (62, 300, 165), (66, 361, 203), (67, 394, 207), (70, 176, 213), (71, 43, 260), (72, 491, 204), (73, 95, 215), (74, 651, 317)]"
1,"['person:0.9984', 'person:0.9925', 'person:0.9863', 'person:0.9846', 'person:0.9790', 'person:0.9421', 'person:0.9107', 'person:0.8876', 'person:0.8804', 'person:0.7751', 'person:0.6966']","[(45, 547, 260), (60, 329, 277), (62, 301, 165), (66, 358, 202), (67, 394, 205), (70, 171, 213), (71, 40, 259), (72, 489, 203), (73, 95, 207), (74, 638, 324), (75, 639, 202)]"
1,"['person:0.9992', 'person:0.9965', 'person:0.9892', 'person:0.9879', 'person:0.9734', 'person:0.9679', 'person:0.9173', 'person:0.8871', 'person:0.7899', 'person:0.7675', 'person:0.7628', 'person:0.6088']","[(45, 525, 281), (60, 329, 277), (62, 300, 165), (66, 358, 201), (67, 392, 203), (70, 172, 213), (71, 20, 258), (72, 488, 199), (73, 97, 206), (74, 637, 281), (75, 636, 200), (76, 597, 182)]"
1,"['person:0.9984', 'person:0.9946', 'person:0.9941', 'person:0.9905', 'person:0.9878', 'person:0.9546', 'person:0.6616', 'person:0.5683', 'person:0.5288']","[(45, 515, 276), (60, 329, 275), (62, 291, 165), (66, 354, 183), (67, 388, 203), (70, 171, 208), (72, 477, 199), (73, 103, 206), (74, 627, 275)]"
1,"['person:0.9983', 'person:0.9950', 'person:0.9931', 'person:0.9905', 'person:0.9860', 'person:0.9565', 'person:0.7291', 'person:0.5792', 'person:0.5078']","[(45, 514, 276), (60, 329, 276), (62, 291, 166), (66, 354, 183), (67, 388, 203), (70, 171, 208), (72, 477, 199), (73, 103, 206), (74, 627, 276)]"
1,"['person:0.9960', 'person:0.9959', 'person:0.9958', 'person:0.9955', 'person:0.9860', 'person:0.9544', 'person:0.7826', 'person:0.6660']","[(45, 509, 273), (60, 329, 276), (62, 291, 164), (66, 354, 183), (67, 387, 203), (70, 171, 208), (73, 110, 207), (74, 618, 273)]"
1,"['person:0.9988', 'person:0.9937', 'person:0.9897', 'person:0.9886', 'person:0.9788', 'person:0.9748', 'person:0.8281', 'person:0.7831', 'person:0.7708', 'suitcase:0.5744', 'person:0.5248']","[(45, 497, 263), (60, 328, 275), (62, 288, 184), (66, 353, 182), (67, 386, 200), (70, 171, 207), (73, 113, 214), (74, 613, 274), (77, 575, 197), (78, 232, 377), (79, 545, 185)]"
1,"['person:0.9987', 'person:0.9939', 'person:0.9902', 'person:0.9878', 'person:0.9780', 'person:0.9749', 'person:0.8183', 'person:0.7970', 'person:0.7841', 'suitcase:0.5313', 'person:0.5141']","[(45, 498, 263), (60, 329, 275), (62, 288, 184), (66, 353, 182), (67, 386, 201), (70, 171, 206), (73, 113, 214), (74, 613, 275), (77, 574, 196), (78, 232, 377), (79, 545, 186)]"
1,"['person:0.9982', 'person:0.9876', 'person:0.9869', 'person:0.9786', 'person:0.9761', 'person:0.9553', 'person:0.8821', 'person:0.7203', 'person:0.7174', 'person:0.5633', 'suitcase:0.5440']","[(45, 488, 263), (60, 328, 276), (62, 287, 184), (66, 354, 183), (67, 387, 200), (70, 178, 207), (73, 118, 215), (74, 610, 276), (77, 571, 184), (78, 232, 377), (79, 541, 184)]"
1,"['person:0.9975', 'person:0.9929', 'person:0.9813', 'person:0.9812', 'person:0.9810', 'person:0.9563', 'person:0.9216', 'person:0.7790', 'person:0.7060']","[(45, 471, 261), (60, 328, 275), (62, 286, 185), (66, 353, 181), (67, 386, 201), (70, 179, 207), (73, 121, 214), (74, 605, 277), (79, 541, 184)]"
1,"['person:0.9971', 'person:0.9945', 'person:0.9925', 'person:0.9867', 'person:0.9726', 'person:0.9645', 'person:0.9457', 'person:0.7940', 'person:0.6653', 'suitcase:0.5083']","[(45, 460, 262), (60, 328, 276), (62, 286, 185), (66, 353, 183), (67, 387, 200), (70, 183, 206), (73, 127, 213), (74, 603, 275), (79, 542, 181), (80, 233, 376)]"
1,"['person:0.9973', 'person:0.9875', 'person:0.9789', 'person:0.9668', 'person:0.9277', 'person:0.9204', 'person:0.7893', 'person:0.7804', 'person:0.6376']","[(45, 438, 262), (60, 328, 279), (62, 282, 186), (66, 345, 179), (67, 383, 197), (70, 195, 214), (73, 130, 214), (74, 576, 265), (79, 650, 184)]"
1,"['person:0.9970', 'person:0.9855', 'person:0.9759', 'person:0.9732', 'person:0.9350', 'person:0.9109', 'person:0.7795', 'person:0.7777', 'person:0.6076']","[(45, 438, 261), (60, 328, 279), (62, 282, 186), (66, 345, 179), (67, 383, 198), (70, 195, 214), (73, 129, 214), (74, 577, 266), (79, 650, 183)]"
1,"['person:0.9973', 'person:0.9914', 'person:0.9893', 'person:0.9810', 'person:0.9773', 'person:0.8759', 'person:0.8677', 'person:0.7958', 'person:0.6467']","[(45, 403, 277), (60, 327, 277), (62, 280, 184), (66, 344, 179), (67, 380, 179), (70, 197, 215), (73, 130, 214), (74, 560, 273), (79, 659, 259)]"
1,"['person:0.9980', 'person:0.9974', 'person:0.9946', 'person:0.9867', 'person:0.9652', 'person:0.8912', 'person:0.8601', 'person:0.8028', 'chair:0.5523']","[(45, 390, 284), (60, 315, 277), (62, 279, 184), (66, 344, 178), (67, 610, 138), (70, 200, 213), (73, 136, 213), (74, 556, 267), (79, 658, 257)]"
1,"['person:0.9977', 'person:0.9966', 'person:0.9946', 'person:0.9845', 'person:0.9665', 'person:0.9129', 'person:0.8296', 'person:0.7825']","[(45, 391, 280), (62, 279, 185), (66, 344, 178), (67, 610, 138), (70, 201, 213), (73, 137, 213), (74, 557, 266), (79, 658, 257)]"
1,"['person:0.9987', 'person:0.9977', 'person:0.9802', 'person:0.9685', 'person:0.9575', 'person:0.9446', 'person:0.9050', 'person:0.8495', 'person:0.6675']","[(45, 356, 277), (62, 277, 185), (66, 342, 162), (67, 610, 183), (70, 200, 213), (73, 142, 213), (74, 524, 265), (79, 657, 240), (81, 450, 203)]"
1,"['person:0.9987', 'person:0.9966', 'person:0.9959', 'person:0.9700', 'person:0.9566', 'person:0.9452', 'person:0.9383', 'person:0.8812']","[(45, 345, 274), (62, 274, 184), (67, 606, 201), (70, 202, 209), (73, 146, 214), (74, 516, 263), (79, 658, 240), (81, 445, 203)]"
1,"['person:0.9980', 'person:0.9980', 'person:0.9927', 'person:0.9917', 'person:0.9596', 'person:0.9478', 'person:0.9121', 'person:0.8411', 'person:0.7167']","[(45, 345, 274), (62, 274, 183), (67, 602, 202), (70, 207, 208), (73, 150, 213), (74, 507, 259), (79, 660, 240), (81, 441, 200), (82, 558, 158)]"
1,"['person:0.9989', 'person:0.9964', 'person:0.9918', 'person:0.9882', 'person:0.9743', 'person:0.9588', 'person:0.8398', 'person:0.8353']","[(45, 339, 263), (62, 273, 184), (67, 600, 206), (70, 209, 208), (73, 149, 207), (74, 496, 264), (79, 662, 239), (82, 553, 163)]"
1,"['person:0.9977', 'person:0.9968', 'person:0.9925', 'person:0.9918', 'person:0.9717', 'person:0.9685', 'person:0.9534', 'person:0.9006', 'person:0.8530', 'handbag:0.7996']","[(45, 333, 261), (62, 274, 182), (67, 599, 207), (70, 218, 208), (73, 150, 207), (74, 467, 265), (79, 664, 238), (82, 550, 196), (83, 384, 182), (84, 622, 179)]"
1,"['person:0.9967', 'person:0.9899', 'person:0.9795', 'person:0.9756', 'person:0.9750', 'person:0.9732', 'person:0.9510', 'person:0.8916', 'person:0.8479', 'handbag:0.6151']","[(45, 317, 261), (62, 273, 184), (67, 595, 204), (70, 221, 208), (73, 148, 205), (74, 452, 265), (79, 666, 240), (82, 548, 196), (83, 381, 183), (84, 620, 178)]"
1,"['person:0.9971', 'person:0.9880', 'person:0.9798', 'person:0.9772', 'person:0.9768', 'person:0.9747', 'person:0.9405', 'person:0.8863', 'person:0.8553', 'handbag:0.6082']","[(45, 317, 261), (62, 272, 184), (67, 595, 205), (70, 221, 208), (73, 147, 205), (74, 453, 265), (79, 666, 240), (82, 548, 196), (83, 380, 183), (84, 620, 178)]"
1,"['person:0.9982', 'person:0.9923', 'person:0.9862', 'person:0.9850', 'person:0.9782', 'person:0.9459', 'person:0.9249', 'person:0.9150', 'person:0.7456', 'person:0.6776', 'handbag:0.5484']","[(45, 312, 261), (62, 262, 184), (67, 588, 205), (70, 224, 207), (73, 128, 202), (74, 453, 271), (79, 667, 241), (82, 540, 199), (83, 367, 180), (84, 616, 177), (85, 170, 214)]"
